<linker>
  <assembly fullname="Assembly-CSharp, Version=0.0.0.0, Culture=neutral, PublicKeyToken=null">
    <type fullname="Mine" preserve="all" />
    <type fullname="Project.Scripts.DataBase.SpreadsheetContainer" preserve="all" />
    <type fullname="Project.Scripts.ECS.EntityActors.BigAlienEnemy" preserve="all" />
    <type fullname="Project.Scripts.ECS.EntityActors.GunnerAlienEnemy" preserve="all" />
    <type fullname="Project.Scripts.ECS.EntityActors.MiningToolActor" preserve="all" />
    <type fullname="Project.Scripts.ECS.EntityActors.PlayerActor" preserve="all" />
    <type fullname="Project.Scripts.ECS.EntityActors.SmallAlienEnemy" preserve="all" />
    <type fullname="Project.Scripts.Health.Health" preserve="all" />
    <type fullname="Project.Scripts.Levels.Mars.FirstLevel.FirstMarsLevel" preserve="all" />
    <type fullname="Project.Scripts.Levels.Mars.SecondLevel.BallisticRocket" preserve="all" />
    <type fullname="Project.Scripts.Levels.Mars.SecondLevel.SecondMarsLevel" preserve="all" />
    <type fullname="Project.Scripts.Levels.Outpost.Entrance" preserve="all" />
    <type fullname="Project.Scripts.Levels.Triggers.BallisticRocketTrigger" preserve="all" />
    <type fullname="Project.Scripts.Levels.Triggers.EndLevelTrigger" preserve="all" />
    <type fullname="Project.Scripts.Levels.Triggers.EnemySpawnTrigger" preserve="all" />
    <type fullname="Project.Scripts.Levels.Triggers.EntranceTrigger" preserve="all" />
    <type fullname="Project.Scripts.Levels.WelcomeMarsTextTrigger" preserve="all" />
    <type fullname="Project.Scripts.NavMeshComponents.AgentLinkMover" preserve="all" />
    <type fullname="Project.Scripts.Player.PlayerCollisionHandler" preserve="all" />
    <type fullname="Project.Scripts.Player.PlayerInputModule.PlayerInputController" preserve="all" />
    <type fullname="Project.Scripts.Projectiles.Bullets.GunBullet" preserve="all" />
    <type fullname="Project.Scripts.Weapon.Enemy.BigEnemyAlienWeapon" preserve="all" />
    <type fullname="Project.Scripts.Weapon.Enemy.GunnerEnemyAlienWeapon" preserve="all" />
    <type fullname="Project.Scripts.Weapon.Player.EnemyDetector" preserve="all" />
    <type fullname="Project.Scripts.Weapon.Player.Gun" preserve="all" />
    <type fullname="Project.Scripts.Weapon.Player.Mines" preserve="all" />
    <type fullname="Project.Scripts.DataBase.Data.CharacteristicsData" preserve="nothing" serialized="true" />
    <type fullname="Project.Scripts.DataBase.Data.OperationData" preserve="nothing" serialized="true" />
    <type fullname="Project.Scripts.DataBase.Data.WeaponData" preserve="nothing" serialized="true" />
    <type fullname="Project.Scripts.DataBase.SpreadsheetContent" preserve="nothing" serialized="true" />
  </assembly>
  <assembly fullname="Unity.Addressables, Version=0.0.0.0, Culture=neutral, PublicKeyToken=null" preserve="all">
    <type fullname="UnityEngine.AddressableAssets.Addressables" preserve="all" />
  </assembly>
  <assembly fullname="Unity.AI.Navigation, Version=0.0.0.0, Culture=neutral, PublicKeyToken=null">
    <type fullname="Unity.AI.Navigation.NavMeshLink" preserve="all" />
    <type fullname="Unity.AI.Navigation.NavMeshSurface" preserve="all" />
  </assembly>
  <assembly fullname="Unity.ResourceManager, Version=0.0.0.0, Culture=neutral, PublicKeyToken=null" preserve="all">
    <type fullname="UnityEngine.ResourceManagement.ResourceProviders.AssetBundleProvider" preserve="all" />
    <type fullname="UnityEngine.ResourceManagement.ResourceProviders.BundledAssetProvider" preserve="all" />
    <type fullname="UnityEngine.ResourceManagement.ResourceProviders.InstanceProvider" preserve="all" />
    <type fullname="UnityEngine.ResourceManagement.ResourceProviders.LegacyResourcesProvider" preserve="all" />
    <type fullname="UnityEngine.ResourceManagement.ResourceProviders.SceneProvider" preserve="all" />
  </assembly>
  <assembly fullname="Unity.TextMeshPro, Version=0.0.0.0, Culture=neutral, PublicKeyToken=null">
    <type fullname="TMPro.TextMeshPro" preserve="all" />
    <type fullname="TMPro.TMP_FontAsset" preserve="all" />
    <type fullname="TMPro.FaceInfo_Legacy" preserve="nothing" serialized="true" />
    <type fullname="TMPro.FontAssetCreationSettings" preserve="nothing" serialized="true" />
    <type fullname="TMPro.KerningTable" preserve="nothing" serialized="true" />
    <type fullname="TMPro.TMP_Character" preserve="nothing" serialized="true" />
    <type fullname="TMPro.TMP_FontFeatureTable" preserve="nothing" serialized="true" />
    <type fullname="TMPro.TMP_FontWeightPair" preserve="nothing" serialized="true" />
    <type fullname="TMPro.TMP_GlyphAdjustmentRecord" preserve="nothing" serialized="true" />
    <type fullname="TMPro.TMP_GlyphPairAdjustmentRecord" preserve="nothing" serialized="true" />
    <type fullname="TMPro.TMP_GlyphValueRecord" preserve="nothing" serialized="true" />
    <type fullname="TMPro.VertexGradient" preserve="nothing" serialized="true" />
  </assembly>
  <assembly fullname="UnityEditor.CoreModule, Version=0.0.0.0, Culture=neutral, PublicKeyToken=null">
    <type fullname="UnityEditor.Audio.AudioMixerSnapshotController" preserve="all" />
  </assembly>
  <assembly fullname="UnityEngine.AIModule, Version=0.0.0.0, Culture=neutral, PublicKeyToken=null">
    <type fullname="UnityEngine.AI.NavMeshAgent" preserve="all" />
    <type fullname="UnityEngine.AI.NavMeshData" preserve="all" />
  </assembly>
  <assembly fullname="UnityEngine.AnimationModule, Version=0.0.0.0, Culture=neutral, PublicKeyToken=null">
    <type fullname="UnityEngine.Animation" preserve="all" />
    <type fullname="UnityEngine.AnimationClip" preserve="all" />
    <type fullname="UnityEngine.Animator" preserve="all" />
    <type fullname="UnityEngine.Avatar" preserve="all" />
    <type fullname="UnityEngine.RuntimeAnimatorController" preserve="all" />
  </assembly>
  <assembly fullname="UnityEngine.AudioModule, Version=0.0.0.0, Culture=neutral, PublicKeyToken=null">
    <type fullname="UnityEngine.Audio.AudioMixer" preserve="all" />
    <type fullname="UnityEngine.Audio.AudioMixerGroup" preserve="all" />
    <type fullname="UnityEngine.AudioClip" preserve="all" />
    <type fullname="UnityEngine.AudioSource" preserve="all" />
  </assembly>
  <assembly fullname="UnityEngine.CoreModule, Version=0.0.0.0, Culture=neutral, PublicKeyToken=null">
    <type fullname="UnityEngine.GameObject" preserve="all" />
    <type fullname="UnityEngine.LODGroup" preserve="all" />
    <type fullname="UnityEngine.Material" preserve="all" />
    <type fullname="UnityEngine.Mesh" preserve="all" />
    <type fullname="UnityEngine.MeshFilter" preserve="all" />
    <type fullname="UnityEngine.MeshRenderer" preserve="all" />
    <type fullname="UnityEngine.Object" preserve="all" />
    <type fullname="UnityEngine.RectTransform" preserve="all" />
    <type fullname="UnityEngine.Shader" preserve="all" />
    <type fullname="UnityEngine.SkinnedMeshRenderer" preserve="all" />
    <type fullname="UnityEngine.Texture2D" preserve="all" />
    <type fullname="UnityEngine.Transform" preserve="all" />
    <type fullname="UnityEngine.Events.PersistentCallGroup" preserve="nothing" serialized="true" />
  </assembly>
  <assembly fullname="UnityEngine.ParticleSystemModule, Version=0.0.0.0, Culture=neutral, PublicKeyToken=null">
    <type fullname="UnityEngine.ParticleSystem" preserve="all" />
    <type fullname="UnityEngine.ParticleSystemRenderer" preserve="all" />
  </assembly>
  <assembly fullname="UnityEngine.PhysicsModule, Version=0.0.0.0, Culture=neutral, PublicKeyToken=null">
    <type fullname="UnityEngine.BoxCollider" preserve="all" />
    <type fullname="UnityEngine.CapsuleCollider" preserve="all" />
    <type fullname="UnityEngine.MeshCollider" preserve="all" />
    <type fullname="UnityEngine.Rigidbody" preserve="all" />
    <type fullname="UnityEngine.SphereCollider" preserve="all" />
  </assembly>
  <assembly fullname="UnityEngine.TextRenderingModule, Version=0.0.0.0, Culture=neutral, PublicKeyToken=null">
    <type fullname="UnityEngine.Font" preserve="all" />
  </assembly>
  <assembly fullname="UnityEngine.TextCoreFontEngineModule">
    <type fullname="UnityEngine.TextCore.FaceInfo" preserve="nothing" serialized="true" />
    <type fullname="UnityEngine.TextCore.Glyph" preserve="nothing" serialized="true" />
    <type fullname="UnityEngine.TextCore.GlyphMetrics" preserve="nothing" serialized="true" />
    <type fullname="UnityEngine.TextCore.GlyphRect" preserve="nothing" serialized="true" />
  </assembly>
  <assembly fullname="UnityEngine.UI">
    <type fullname="UnityEngine.UI.MaskableGraphic/CullStateChangedEvent" preserve="nothing" serialized="true" />
  </assembly>
</linker>